iso_code,continent,location,date,total_cases,new_cases,total_deaths,new_deaths,population
IND,Europe,New York,2020-01-01,182051,2702,25069,359,62065507
CHN,Asia,Delhi,2020-01-02,97661,4006,16873,150,39778801
BRA,Europe,New York,2020-01-03,924483,3868,23248,191,73070778
CHN,Europe,Moscow,2020-01-04,943693,4200,23624,450,96098666
CHN,America,Beijing,2020-01-05,697960,201,43516,39,15390554
USA,Africa,Beijing,2020-01-06,452776,2497,29061,241,8595853
BRA,Africa,Delhi,2020-01-07,471256,1842,24170,137,92537041
BRA,Europe,New York,2020-01-08,123257,1866,8024,344,69015259
BRA,America,Beijing,2020-01-09,979062,1996,16678,179,65750075
CHN,Europe,Moscow,2020-01-10,872637,909,38256,496,17188828
IND,Europe,Sao Paulo,2020-01-11,269054,4305,20411,199,80325711
BRA,Europe,Hanoi,2020-01-12,975217,4658,43803,202,9288515
RUS,America,Hanoi,2020-01-13,833289,3189,19296,60,89691108
CHN,Africa,Hanoi,2020-01-14,559252,770,26293,191,78805072
USA,America,New York,2020-01-15,418443,3155,27172,4,9884527
IND,Asia,Delhi,2020-01-16,923482,2501,21128,377,29447661
RUS,America,Beijing,2020-01-17,803585,2714,18257,236,23048729
RUS,America,Sao Paulo,2020-01-18,321909,4724,12855,180,6005231
USA,America,Moscow,2020-01-19,754444,3585,19642,310,11698216
IND,America,Sao Paulo,2020-01-20,632500,1628,35585,36,69456067
CHN,Africa,Moscow,2020-01-21,563359,386,20025,55,57998429
VNM,Asia,New York,2020-01-22,112990,3421,4458,442,76964061
IND,Africa,Hanoi,2020-01-23,69519,4008,5307,236,11781973
USA,Africa,New York,2020-01-24,9503,4093,41701,357,35741450
RUS,America,Delhi,2020-01-25,191775,4363,18425,348,44635777
CHN,Europe,Delhi,2020-01-26,981883,2466,49831,196,22874795
IND,Europe,Moscow,2020-01-27,619745,2282,43427,72,41966411
VNM,Africa,Beijing,2020-01-28,713226,1856,28273,58,70376221
VNM,Africa,Beijing,2020-01-29,147977,1998,38506,239,69908835
BRA,America,Moscow,2020-01-30,570126,1236,5668,1,10532945
BRA,Africa,Delhi,2020-01-31,911632,4669,25934,448,34059070
USA,America,Delhi,2020-02-01,451495,4144,47195,359,15517702
IND,Europe,Delhi,2020-02-02,613777,1150,7697,187,96525116
IND,Europe,New York,2020-02-03,26806,4318,24417,306,46525374
RUS,Asia,Delhi,2020-02-04,176072,1431,16446,29,1573881
RUS,Europe,Sao Paulo,2020-02-05,415384,1819,40597,266,82602393
RUS,Africa,Hanoi,2020-02-06,70119,2324,10751,475,10407062
BRA,Europe,Delhi,2020-02-07,825146,1130,46218,107,57628313
IND,America,Moscow,2020-02-08,185165,2658,7352,331,90779948
IND,Europe,Hanoi,2020-02-09,841851,3500,13516,422,83188677
VNM,Asia,New York,2020-02-10,966649,374,23299,89,15242373
BRA,Europe,Moscow,2020-02-11,629720,2120,31957,204,42163819
CHN,America,Hanoi,2020-02-12,470641,4020,28927,378,39807239
BRA,America,Moscow,2020-02-13,879381,2021,41094,455,88764631
CHN,Africa,New York,2020-02-14,471027,3705,36412,446,4301394
VNM,Europe,Sao Paulo,2020-02-15,919965,3259,29493,447,70936228
USA,America,New York,2020-02-16,407507,3435,26711,444,71463377
IND,Asia,New York,2020-02-17,702164,1889,8003,380,78933150
VNM,Africa,Moscow,2020-02-18,863403,1823,31707,437,46069853
IND,Asia,Beijing,2020-02-19,879903,1474,3278,219,69722424
RUS,Europe,Delhi,2020-02-20,851378,2242,7296,377,87179753
USA,Europe,Delhi,2020-02-21,885421,3243,25398,93,54807136
USA,Europe,Sao Paulo,2020-02-22,84080,3134,35842,456,21080139
VNM,Africa,Sao Paulo,2020-02-23,252791,2070,13261,102,56975541
USA,America,Delhi,2020-02-24,978836,359,11173,222,95773402
CHN,Africa,Beijing,2020-02-25,77794,2041,30449,185,60147144
USA,Asia,Delhi,2020-02-26,292985,1141,41080,468,56436107
IND,Africa,Beijing,2020-02-27,124447,1635,1637,183,9103670
IND,Asia,Sao Paulo,2020-02-28,120029,4000,31781,494,35104860
IND,Africa,Hanoi,2020-02-29,179830,1943,13652,161,19866922
IND,America,Moscow,2020-03-01,507942,4774,5103,246,31836413
CHN,Asia,Sao Paulo,2020-03-02,338416,3361,25500,30,34467508
BRA,Europe,Sao Paulo,2020-03-03,561931,2980,49796,51,11117390
RUS,Europe,New York,2020-03-04,967912,6,34800,344,72414529
VNM,Africa,New York,2020-03-05,306094,3267,35529,75,82417907
IND,Europe,New York,2020-03-06,187921,1591,47963,384,26562996
USA,Asia,Moscow,2020-03-07,362644,4928,18452,438,98534123
IND,Europe,New York,2020-03-08,683404,3264,49393,277,10003281
USA,America,Beijing,2020-03-09,498685,2606,31174,39,25529154
RUS,America,Delhi,2020-03-10,387732,3219,35436,100,8660678
RUS,Africa,Hanoi,2020-03-11,540285,3273,47406,110,94765329
RUS,Asia,Sao Paulo,2020-03-12,866183,913,15954,384,36284715
USA,America,Beijing,2020-03-13,622893,2011,17186,320,10142693
IND,America,Hanoi,2020-03-14,941415,1442,12356,248,22807008
RUS,Asia,Beijing,2020-03-15,841965,3054,32963,190,99236779
CHN,Europe,Beijing,2020-03-16,344710,3546,2187,489,74498554
USA,Europe,Sao Paulo,2020-03-17,750230,4221,11707,181,41320606
USA,Africa,Delhi,2020-03-18,669931,4912,35098,425,35306425
IND,Europe,New York,2020-03-19,632543,2928,26935,404,16678986
USA,Asia,Moscow,2020-03-20,784586,1829,21225,334,60445827
USA,America,Delhi,2020-03-21,451157,575,3606,208,52159930
RUS,Europe,Moscow,2020-03-22,58005,929,32828,21,63155971
IND,Africa,Sao Paulo,2020-03-23,217322,3759,26489,165,41170352
RUS,Europe,Sao Paulo,2020-03-24,189784,3699,14387,98,16234145
RUS,Asia,Sao Paulo,2020-03-25,567829,1463,3927,492,80600220
IND,Africa,Hanoi,2020-03-26,23387,3275,6296,207,25090583
VNM,Europe,Moscow,2020-03-27,880412,4928,30444,7,58691307
RUS,Africa,Delhi,2020-03-28,704268,1054,46390,189,28740293
CHN,Asia,Delhi,2020-03-29,85457,1900,46893,174,14552664
CHN,America,Beijing,2020-03-30,144129,1457,2591,272,34872374
USA,Asia,Beijing,2020-03-31,588316,1399,44895,16,21671672
CHN,Asia,Beijing,2020-04-01,643534,3415,48516,89,63565460
USA,Asia,Sao Paulo,2020-04-02,317875,442,26147,140,34891894
VNM,Asia,Delhi,2020-04-03,680218,3650,38889,144,88814287
IND,America,Moscow,2020-04-04,179761,4652,1200,165,97819038
IND,America,Sao Paulo,2020-04-05,568926,1178,15721,336,43364813
IND,Africa,Hanoi,2020-04-06,484814,4458,19238,495,36985062
CHN,Europe,Beijing,2020-04-07,177558,1257,11087,77,49702875
VNM,America,Sao Paulo,2020-04-08,544855,3634,30816,428,39117599
CHN,America,Sao Paulo,2020-04-09,422955,1841,23408,261,8463131
CHN,Europe,Hanoi,2020-04-10,582092,2309,39740,162,62550770
VNM,America,New York,2020-04-11,370965,910,136,365,3795126
VNM,Asia,Delhi,2020-04-12,3754,4340,17413,13,42169328
VNM,Asia,Moscow,2020-04-13,551332,4637,48114,238,40117064
VNM,Europe,New York,2020-04-14,67260,4009,18978,71,91284985
IND,Africa,Beijing,2020-04-15,66912,2169,661,444,31535317
BRA,Africa,Sao Paulo,2020-04-16,256695,2172,35240,142,54059012
BRA,Europe,Hanoi,2020-04-17,532994,123,27253,309,46566678
VNM,Europe,Hanoi,2020-04-18,795326,3158,26884,282,28883716
BRA,Asia,Delhi,2020-04-19,935541,785,32854,268,59807849
BRA,Africa,New York,2020-04-20,346130,2416,10704,240,10079860
VNM,America,Delhi,2020-04-21,868374,796,38987,414,35456905
BRA,Asia,Sao Paulo,2020-04-22,706972,4172,24527,244,51457850
CHN,Europe,Delhi,2020-04-23,29725,4154,16322,162,45117798
USA,Africa,Moscow,2020-04-24,136998,1936,47517,59,76616014
USA,America,Hanoi,2020-04-25,104555,2156,6968,5,2417158
VNM,America,Hanoi,2020-04-26,261486,3807,27518,196,19613148
IND,Asia,Beijing,2020-04-27,795928,1301,46364,469,54004410
VNM,Africa,Beijing,2020-04-28,580735,4163,27886,57,31566254
IND,Africa,Sao Paulo,2020-04-29,888036,3140,1700,304,78141378
USA,Europe,Moscow,2020-04-30,685166,3236,28246,406,64539547
VNM,Africa,New York,2020-05-01,874631,2352,35468,216,51281422
RUS,Africa,Delhi,2020-05-02,565609,1932,23199,417,19292770
CHN,Asia,Sao Paulo,2020-05-03,777401,2721,44589,25,86470725
BRA,Africa,Beijing,2020-05-04,233103,364,32115,302,44390347
IND,America,Delhi,2020-05-05,982599,4916,5520,4,98897070
RUS,Asia,Beijing,2020-05-06,415872,2390,44278,473,48484197
BRA,Asia,Delhi,2020-05-07,55147,946,36455,19,51283084
BRA,Europe,New York,2020-05-08,615684,1377,49748,389,65060764
VNM,Africa,Sao Paulo,2020-05-09,442882,1439,20929,197,63467218
BRA,Europe,Delhi,2020-05-10,475584,3180,41605,58,37785218
CHN,America,Moscow,2020-05-11,300931,4857,14955,447,34432455
RUS,Asia,Hanoi,2020-05-12,244839,340,44049,241,89562183
BRA,Asia,Moscow,2020-05-13,456162,2989,13917,145,29616825
VNM,Asia,Moscow,2020-05-14,546015,382,4757,387,88302483
CHN,America,Hanoi,2020-05-15,763711,1556,13045,272,25416430
USA,America,Moscow,2020-05-16,95081,299,41680,248,25467331
RUS,Europe,Delhi,2020-05-17,384865,138,4733,13,32499954
BRA,Europe,Delhi,2020-05-18,765418,358,30954,461,38175852
VNM,Europe,Delhi,2020-05-19,592344,4931,31135,12,95663815
USA,Africa,Hanoi,2020-05-20,658441,1522,7081,390,49815958
USA,Asia,Moscow,2020-05-21,689556,3456,41458,383,88829519
IND,Asia,Hanoi,2020-05-22,692095,1627,23501,43,16111500
CHN,Europe,Delhi,2020-05-23,760109,1303,21113,374,14028847
BRA,Asia,Moscow,2020-05-24,80102,1134,34441,398,62597704
VNM,Europe,Moscow,2020-05-25,997082,2186,47086,18,35806093
IND,Africa,Beijing,2020-05-26,156570,3170,24690,62,96739212
CHN,Africa,Beijing,2020-05-27,601153,3835,43939,490,86000180
IND,America,New York,2020-05-28,687016,2151,29345,238,75925048
RUS,Africa,Sao Paulo,2020-05-29,67695,1237,46313,491,49503110
CHN,Europe,Beijing,2020-05-30,431116,3735,44571,418,19286606
CHN,Africa,Hanoi,2020-05-31,521608,2834,26829,336,56043685
BRA,America,Beijing,2020-06-01,117235,4260,35062,418,43258657
CHN,Asia,New York,2020-06-02,440917,998,3630,402,44036055
IND,Europe,Moscow,2020-06-03,633065,2567,47861,403,89356836
CHN,Asia,New York,2020-06-04,19033,1307,31870,99,59811819
BRA,America,Moscow,2020-06-05,516409,656,49298,162,62569024
BRA,America,Moscow,2020-06-06,666165,2660,47221,415,77843273
RUS,America,Sao Paulo,2020-06-07,691211,2211,44942,121,37382186
IND,Asia,Beijing,2020-06-08,551120,1909,3453,431,73062663
USA,Asia,Hanoi,2020-06-09,194509,3730,37275,43,66981367
USA,Asia,Hanoi,2020-06-10,377869,2046,43370,359,61411248
CHN,Asia,Delhi,2020-06-11,145016,3162,38396,407,64082456
RUS,America,Moscow,2020-06-12,282017,1140,8328,316,59570763
VNM,America,Hanoi,2020-06-13,564660,266,15534,380,66633624
CHN,Europe,Sao Paulo,2020-06-14,89464,1845,19744,144,9351184
RUS,Europe,Moscow,2020-06-15,670739,1708,19389,326,66431227
IND,Asia,Sao Paulo,2020-06-16,117322,3630,36320,362,30025773
IND,Africa,Hanoi,2020-06-17,692111,3211,49170,49,80721839
IND,Africa,Hanoi,2020-06-18,886514,2293,35010,64,43197411
IND,America,Delhi,2020-06-19,745182,3732,14665,354,62803384
IND,America,Hanoi,2020-06-20,791542,3829,37865,287,90143466
RUS,America,Moscow,2020-06-21,447557,1510,8640,163,14856901
RUS,Europe,Moscow,2020-06-22,798519,475,34716,140,44105220
BRA,Europe,Moscow,2020-06-23,416978,976,25521,453,50309098
USA,America,Delhi,2020-06-24,869049,1207,30049,313,68529752
IND,America,Delhi,2020-06-25,624771,1960,5618,127,76404817
VNM,America,Hanoi,2020-06-26,523886,557,37004,397,94637821
RUS,Africa,New York,2020-06-27,533884,882,1920,420,31663820
VNM,Europe,New York,2020-06-28,234627,2194,43937,367,20973915
VNM,Africa,Delhi,2020-06-29,631827,4761,4188,462,62237905
VNM,Africa,Hanoi,2020-06-30,542601,2667,12207,238,70319994
BRA,America,New York,2020-07-01,899607,4959,238,323,18984955
RUS,America,Hanoi,2020-07-02,721909,4677,32972,295,59508606
VNM,Asia,Hanoi,2020-07-03,114914,4790,10799,186,61921272
IND,Asia,Hanoi,2020-07-04,547993,1610,5552,207,73239282
CHN,Africa,Beijing,2020-07-05,722724,3488,28916,219,81086071
VNM,Europe,Moscow,2020-07-06,859877,2454,4927,399,20494042
BRA,America,Hanoi,2020-07-07,103892,4494,27964,189,69597407
RUS,America,Beijing,2020-07-08,734005,1946,11164,387,90739374
BRA,Africa,Delhi,2020-07-09,264167,4810,37158,428,32905928
VNM,Asia,New York,2020-07-10,643942,4799,19071,345,40483623
RUS,Europe,Moscow,2020-07-11,190868,2808,48409,283,74525979
CHN,Asia,New York,2020-07-12,80073,3825,6160,351,99232800
VNM,Asia,Moscow,2020-07-13,878629,3536,15810,236,96427651
BRA,Asia,New York,2020-07-14,588717,3802,5126,193,90473837
USA,Asia,Moscow,2020-07-15,104195,4177,30009,286,85997368
IND,America,New York,2020-07-16,716987,4699,33584,258,21075489
BRA,America,New York,2020-07-17,33848,1970,46182,245,44714543
RUS,Asia,New York,2020-07-18,955308,3822,25396,135,83551106
VNM,Europe,New York,2020-07-19,932883,2819,192,279,25093575
IND,Africa,Delhi,2020-07-20,977168,902,36413,270,80947269
VNM,Europe,Hanoi,2020-07-21,289910,364,12816,170,43547151
RUS,Europe,Sao Paulo,2020-07-22,68099,4258,39082,158,13299695
VNM,Europe,Beijing,2020-07-23,429276,3119,32130,200,91209766
USA,Asia,Sao Paulo,2020-07-24,69122,2558,40142,486,78941341
IND,America,Sao Paulo,2020-07-25,671447,1863,36468,44,94022636
IND,Europe,Moscow,2020-07-26,573156,115,30698,449,79056716
RUS,Asia,Hanoi,2020-07-27,643407,2384,10655,263,57925892
USA,Europe,Moscow,2020-07-28,416441,4976,47897,70,14811224
BRA,Europe,Hanoi,2020-07-29,881718,3935,30075,363,85717715
VNM,Asia,Hanoi,2020-07-30,268787,4935,9359,370,98846389
CHN,America,New York,2020-07-31,486275,2490,36661,102,70853550
VNM,America,Delhi,2020-08-01,298871,942,39579,489,88116625
VNM,Africa,New York,2020-08-02,928509,1724,42056,124,92464769
BRA,Asia,Delhi,2020-08-03,109079,2334,33272,312,68340278
VNM,Africa,Moscow,2020-08-04,852129,2767,42581,463,80948588
USA,Africa,Delhi,2020-08-05,16029,1137,14671,482,28229553
USA,Africa,Moscow,2020-08-06,246353,2527,27048,285,84693742
IND,America,Sao Paulo,2020-08-07,407442,4117,10738,457,70510974
RUS,Asia,Sao Paulo,2020-08-08,194718,3420,25963,229,2643083
CHN,Africa,Delhi,2020-08-09,978107,4778,43954,145,44958766
VNM,Asia,Delhi,2020-08-10,421947,3906,6773,369,12791470
VNM,Asia,Moscow,2020-08-11,371602,3637,36584,196,27576632
BRA,America,New York,2020-08-12,896816,2953,29894,372,97456118
RUS,Africa,Moscow,2020-08-13,68926,2367,717,220,6050058
USA,Africa,New York,2020-08-14,661357,4221,11676,422,1021650
CHN,Asia,Sao Paulo,2020-08-15,317650,276,4434,59,54355494
IND,Europe,Hanoi,2020-08-16,864661,1999,49810,97,95147892
USA,America,Delhi,2020-08-17,443031,1227,37825,170,78836661
RUS,America,New York,2020-08-18,42092,3752,29100,381,50363500
IND,America,Moscow,2020-08-19,324683,3735,4994,172,26372075
BRA,America,Sao Paulo,2020-08-20,983581,695,4234,150,91711767
BRA,Africa,New York,2020-08-21,152889,1309,3764,452,25556224
VNM,Africa,Moscow,2020-08-22,693221,4152,43949,349,15701106
RUS,Europe,Delhi,2020-08-23,537716,3234,37405,389,90906090
CHN,America,Delhi,2020-08-24,175006,4114,34872,439,41676214
IND,America,Beijing,2020-08-25,770915,2311,42215,121,80567573
USA,Asia,Hanoi,2020-08-26,769727,2841,23185,493,72622071
RUS,Africa,Beijing,2020-08-27,141330,4208,43442,107,77914165
RUS,America,Sao Paulo,2020-08-28,57775,3559,41153,3,32239442
BRA,Europe,New York,2020-08-29,736940,3398,11999,92,94169489
VNM,Europe,Sao Paulo,2020-08-30,267613,541,36487,406,53056502
VNM,Africa,Moscow,2020-08-31,290998,2694,2581,5,98283803
IND,Europe,Delhi,2020-09-01,661616,4674,2763,287,60103067
BRA,Europe,Beijing,2020-09-02,779446,1088,27374,105,56027643
RUS,Africa,Beijing,2020-09-03,76256,3363,38759,145,69117178
CHN,America,Beijing,2020-09-04,951441,24,10531,270,87379410
BRA,America,Sao Paulo,2020-09-05,361278,1572,25307,423,94992475
IND,Europe,Delhi,2020-09-06,657011,2958,30835,377,99421626
IND,Europe,New York,2020-09-07,181360,4236,11064,95,24507635
BRA,America,Moscow,2020-09-08,346874,1767,11312,456,98380604
IND,Africa,New York,2020-09-09,418267,4743,37548,228,85597796
BRA,Europe,Sao Paulo,2020-09-10,289530,2235,36945,201,20544473
USA,Asia,Moscow,2020-09-11,992558,200,47937,211,66017442
BRA,Africa,Beijing,2020-09-12,242634,3198,6476,5,65370273
BRA,Europe,Hanoi,2020-09-13,933688,256,24565,111,42096674
IND,Europe,Sao Paulo,2020-09-14,33787,3747,2382,375,96110311
IND,Asia,Sao Paulo,2020-09-15,545909,4642,49683,378,75467919
VNM,Asia,Delhi,2020-09-16,993068,2241,22463,446,84800357
VNM,America,New York,2020-09-17,602272,3175,45276,322,85231510
USA,Africa,Sao Paulo,2020-09-18,453008,3606,33402,105,26994235
VNM,Africa,Sao Paulo,2020-09-19,438469,3336,26345,138,44883023
BRA,America,Beijing,2020-09-20,820483,4897,44764,298,34511963
IND,Africa,Beijing,2020-09-21,311955,413,26946,400,83489327
VNM,Africa,Moscow,2020-09-22,30447,2014,14162,95,82260962
VNM,Africa,Hanoi,2020-09-23,128046,1381,49154,387,91198459
USA,Africa,Delhi,2020-09-24,739290,1098,46773,446,35401837
RUS,Africa,Hanoi,2020-09-25,516494,3426,8397,451,48582023
USA,Asia,Moscow,2020-09-26,685614,3655,22335,336,11680555
BRA,Africa,Beijing,2020-09-27,870477,909,45095,296,50063350
IND,Asia,New York,2020-09-28,641147,187,14394,466,51565110
USA,Africa,Beijing,2020-09-29,188490,4044,27197,388,40897301
VNM,America,Delhi,2020-09-30,407688,3756,22010,415,20763284
IND,Europe,Beijing,2020-10-01,504409,2015,24123,213,4401447
IND,Asia,Delhi,2020-10-02,527759,2092,22387,453,12038804
VNM,Africa,Delhi,2020-10-03,238404,3644,2890,290,98851288
USA,America,Delhi,2020-10-04,644600,2130,27769,21,13176872
VNM,Europe,Moscow,2020-10-05,516595,357,43626,192,90401408
RUS,Asia,Delhi,2020-10-06,751164,2422,8026,467,46643397
IND,Europe,Delhi,2020-10-07,663689,4257,3306,149,51205334
CHN,America,New York,2020-10-08,165937,4545,33665,367,93684914
CHN,Asia,Hanoi,2020-10-09,46850,1497,9277,246,56701567
BRA,Europe,Sao Paulo,2020-10-10,316364,2158,42239,266,53096342
VNM,Africa,Hanoi,2020-10-11,243306,2555,47664,460,65650154
VNM,Asia,Delhi,2020-10-12,93808,2342,48008,250,57803178
BRA,Europe,New York,2020-10-13,501597,2951,14683,489,53138902
BRA,America,Beijing,2020-10-14,661757,1238,670,2,61392605
BRA,America,New York,2020-10-15,228981,973,23675,392,6002828
IND,Asia,Delhi,2020-10-16,522220,4727,17889,315,1131562
RUS,Europe,New York,2020-10-17,690885,3965,44535,75,27218129
VNM,Asia,New York,2020-10-18,53072,1050,13006,86,57235862
IND,Asia,Delhi,2020-10-19,745466,3701,48536,269,23367456
BRA,Europe,Moscow,2020-10-20,608108,2780,26531,224,13841272
VNM,Europe,New York,2020-10-21,477746,1588,21639,17,49593510
IND,Africa,Sao Paulo,2020-10-22,23284,3878,16633,112,96441814
RUS,Europe,Sao Paulo,2020-10-23,978834,2368,34660,250,11782554
IND,America,New York,2020-10-24,83369,436,3439,232,34444652
RUS,Asia,Moscow,2020-10-25,811554,2828,32172,328,26136043
BRA,Asia,Beijing,2020-10-26,916781,1556,35622,278,98097169
RUS,America,Delhi,2020-10-27,856985,3858,11577,201,29576855
VNM,Europe,Sao Paulo,2020-10-28,737266,1304,11763,82,65419118
BRA,America,Beijing,2020-10-29,881220,2384,20176,124,20501490
VNM,America,New York,2020-10-30,587100,182,44386,174,48596201
CHN,Africa,Beijing,2020-10-31,270143,1589,24255,68,19371718
USA,America,Hanoi,2020-11-01,284580,1587,41003,46,52819951
RUS,Asia,Sao Paulo,2020-11-02,829395,659,19996,371,6982547
USA,America,New York,2020-11-03,657456,159,35386,255,51850138
USA,Asia,Delhi,2020-11-04,523156,3953,21062,214,48942277
RUS,Asia,Moscow,2020-11-05,769097,1011,35931,29,78571418
BRA,Asia,New York,2020-11-06,418495,52,35710,280,33010888
CHN,Europe,Delhi,2020-11-07,252164,2307,34693,411,22006444
VNM,Africa,Moscow,2020-11-08,895331,1228,35740,481,27427192
IND,Asia,Moscow,2020-11-09,769605,1035,11705,236,65397086
VNM,Asia,New York,2020-11-10,288345,3702,43408,247,36457556
IND,Europe,Beijing,2020-11-11,150787,4045,28047,367,70901401
VNM,Asia,Beijing,2020-11-12,160381,4945,10966,494,57586535
RUS,America,Moscow,2020-11-13,670438,4449,17374,24,71256751
CHN,America,Beijing,2020-11-14,449830,1264,11138,73,24641900
IND,Africa,Hanoi,2020-11-15,529393,1884,15935,205,84441228
BRA,Asia,Moscow,2020-11-16,904098,1809,45913,489,14053104
VNM,Europe,Moscow,2020-11-17,356992,3167,489,493,36141974
VNM,America,Delhi,2020-11-18,789271,3797,44516,313,21639379
IND,Europe,Beijing,2020-11-19,68920,2341,22260,93,49674916
BRA,Europe,Moscow,2020-11-20,830051,3414,26069,374,25522485
BRA,America,Hanoi,2020-11-21,567109,817,19275,126,56188084
RUS,Europe,Delhi,2020-11-22,650024,2437,36284,424,24834000
RUS,America,New York,2020-11-23,930997,888,39178,24,28992091
RUS,Europe,Moscow,2020-11-24,541357,667,32821,333,59874792
RUS,America,Hanoi,2020-11-25,505659,4728,16999,354,30783576
RUS,Asia,Sao Paulo,2020-11-26,7531,2624,38712,115,29110905
RUS,Africa,Hanoi,2020-11-27,430267,4232,40172,47,28764209
CHN,America,Hanoi,2020-11-28,663096,4523,33722,225,40788840
BRA,America,Delhi,2020-11-29,663070,818,10625,265,8581002
RUS,Africa,New York,2020-11-30,67155,2188,1629,98,19794744
BRA,America,Sao Paulo,2020-12-01,931479,1106,10973,458,69110885
BRA,America,Beijing,2020-12-02,586712,2224,6859,10,27584138
USA,Europe,Beijing,2020-12-03,307747,197,41609,84,96897229
CHN,Africa,Hanoi,2020-12-04,940756,2671,43307,404,47926657
RUS,Asia,Delhi,2020-12-05,474013,3492,45450,213,18069223
VNM,America,Delhi,2020-12-06,132503,2448,36046,172,16446786
IND,Africa,Beijing,2020-12-07,729963,470,21839,390,78993462
VNM,Europe,Sao Paulo,2020-12-08,692841,1948,27216,208,49750452
CHN,Asia,New York,2020-12-09,879005,3899,18945,447,13453218
IND,Africa,Sao Paulo,2020-12-10,664917,2010,6539,381,3928785
CHN,Asia,Moscow,2020-12-11,992475,3800,49522,63,83814192
BRA,Asia,Moscow,2020-12-12,365446,4118,33625,257,77867443
IND,Asia,New York,2020-12-13,655522,3796,4886,331,5791164
BRA,America,Beijing,2020-12-14,952246,3988,45713,120,2612119
VNM,America,New York,2020-12-15,19675,234,7485,297,92813612
VNM,Europe,Delhi,2020-12-16,73997,928,31455,465,16516706
IND,Europe,Moscow,2020-12-17,148087,3607,46448,53,93662461
IND,Africa,Hanoi,2020-12-18,967561,522,16767,330,74385984
RUS,Europe,Hanoi,2020-12-19,950095,3523,47165,271,38771235
CHN,Asia,Beijing,2020-12-20,486799,4526,28453,240,97913836
RUS,Asia,Delhi,2020-12-21,519349,4888,10744,242,77943867
CHN,America,Sao Paulo,2020-12-22,755678,1629,37102,17,63779882
RUS,Asia,Delhi,2020-12-23,140905,4628,12226,482,68252568
BRA,Africa,Hanoi,2020-12-24,270040,1316,27869,186,16366031
IND,Asia,Hanoi,2020-12-25,426188,2857,22588,345,14723361
VNM,Asia,Moscow,2020-12-26,311877,1124,13440,143,9454364
CHN,Africa,Delhi,2020-12-27,775723,2587,31709,261,77864536
CHN,Europe,Delhi,2020-12-28,566088,1023,47788,440,63266549
VNM,Europe,Hanoi,2020-12-29,96044,1378,22495,363,30169138
RUS,Africa,Sao Paulo,2020-12-30,267491,3374,37019,490,25669000
CHN,America,Beijing,2020-12-31,714423,1519,44948,430,42330304
BRA,Asia,Beijing,2021-01-01,489066,226,48908,238,65085033
IND,Africa,Delhi,2021-01-02,658003,4968,922,303,36951072
VNM,Asia,Beijing,2021-01-03,302929,891,27526,297,81735137
IND,America,Hanoi,2021-01-04,805113,4072,7957,75,48865579
CHN,Asia,Hanoi,2021-01-05,967530,2257,48564,187,41549223
CHN,Africa,Delhi,2021-01-06,366008,2788,33998,332,42801105
VNM,Asia,Delhi,2021-01-07,933396,396,43395,387,2286188
BRA,Europe,Moscow,2021-01-08,833731,2078,24031,486,87972025
USA,America,Delhi,2021-01-09,17073,4744,10006,245,21945989
VNM,America,Sao Paulo,2021-01-10,888736,4424,37701,129,94075295
USA,America,Beijing,2021-01-11,554970,3237,47063,473,82779560
RUS,Africa,Delhi,2021-01-12,753158,3893,25939,314,82926191
USA,America,New York,2021-01-13,752254,2005,49145,410,91523114
BRA,Europe,Moscow,2021-01-14,910734,2016,20324,282,19561310
RUS,Africa,New York,2021-01-15,407505,3171,22867,78,67913257
USA,Europe,Hanoi,2021-01-16,115359,2668,203,71,98371145
RUS,Asia,Beijing,2021-01-17,925431,1878,16544,262,78642269
USA,Asia,Delhi,2021-01-18,965834,1196,15899,190,71770961
BRA,Asia,New York,2021-01-19,66707,1772,29063,366,9737723
USA,Asia,Beijing,2021-01-20,251351,161,25344,374,63745175
USA,Europe,Hanoi,2021-01-21,470670,3976,3748,429,72405948
USA,Africa,Sao Paulo,2021-01-22,238511,1751,39486,62,48628766
VNM,Africa,Moscow,2021-01-23,235718,775,1093,487,60537422
VNM,America,Beijing,2021-01-24,589716,939,15228,379,54477891
VNM,Europe,Beijing,2021-01-25,50601,3220,20884,11,85739239
BRA,Asia,Sao Paulo,2021-01-26,994969,539,25183,140,55230536
RUS,Europe,Beijing,2021-01-27,395755,4917,16034,253,75757256
CHN,America,Hanoi,2021-01-28,495479,1461,5710,42,53762777
USA,America,Hanoi,2021-01-29,635775,355,42500,16,69709584
USA,Europe,Sao Paulo,2021-01-30,678029,3604,19259,62,87491407
BRA,Europe,Moscow,2021-01-31,464184,3323,35959,252,88105678
USA,Europe,Delhi,2021-02-01,413860,234,33457,464,48980339
VNM,Africa,New York,2021-02-02,411961,1548,20143,375,84817540
CHN,Asia,Delhi,2021-02-03,251924,2096,2103,291,91274038
IND,Europe,Beijing,2021-02-04,783441,4213,365,468,28135236
USA,Europe,New York,2021-02-05,814660,2101,46778,7,9979219
VNM,Europe,Sao Paulo,2021-02-06,523394,1673,44535,324,30107857
IND,America,Sao Paulo,2021-02-07,249430,2100,16103,89,47875246
CHN,America,Moscow,2021-02-08,427737,3657,32510,207,98996545
IND,Africa,New York,2021-02-09,122788,4653,24476,291,16371868
VNM,Asia,Hanoi,2021-02-10,621527,3596,12742,283,82369859
RUS,Africa,New York,2021-02-11,551216,3748,12391,117,74735788
RUS,Asia,Beijing,2021-02-12,280466,3173,36940,348,7045001
IND,America,Hanoi,2021-02-13,450930,1815,28901,174,90763004
BRA,America,Sao Paulo,2021-02-14,350040,3841,32001,75,26646174
IND,America,New York,2021-02-15,62292,2005,15623,100,35050664
USA,Africa,Delhi,2021-02-16,553343,4493,2378,413,21411399
USA,Europe,Moscow,2021-02-17,305035,674,21372,150,58933890
RUS,Europe,Delhi,2021-02-18,606200,386,44799,399,78184495
BRA,America,Moscow,2021-02-19,661948,2158,38437,269,32109310
VNM,Europe,Beijing,2021-02-20,352680,2661,35503,457,53960621
USA,Europe,Delhi,2021-02-21,268448,2064,30746,70,97145928
RUS,Africa,New York,2021-02-22,531633,3851,27923,492,55244317
CHN,Asia,New York,2021-02-23,160372,3253,9867,179,27592372
RUS,America,Delhi,2021-02-24,941763,4979,41258,123,4991818
USA,America,New York,2021-02-25,91006,4636,33724,380,9164962
USA,Africa,Beijing,2021-02-26,932856,4266,9306,292,57372732
RUS,Africa,Hanoi,2021-02-27,129350,739,39391,284,66978252
VNM,Europe,Beijing,2021-02-28,688725,1401,14908,194,95299299
IND,America,Moscow,2021-03-01,805878,3259,27081,398,1250231
USA,Asia,Beijing,2021-03-02,788768,2277,37228,227,44004556
RUS,Africa,Moscow,2021-03-03,848464,3904,23386,430,81071947
RUS,Asia,New York,2021-03-04,206487,3923,46754,429,56067172
BRA,Asia,Hanoi,2021-03-05,97852,4214,45406,435,88258185
IND,America,New York,2021-03-06,492092,3227,28302,274,24518715
CHN,America,Sao Paulo,2021-03-07,138593,2831,19212,460,35533367
VNM,Africa,New York,2021-03-08,727067,3758,35618,105,39821960
CHN,America,Moscow,2021-03-09,678841,2512,46067,20,43973491
IND,America,New York,2021-03-10,280618,2151,10698,63,53461766
IND,America,New York,2021-03-11,177832,3675,4594,164,1420993
IND,Asia,Hanoi,2021-03-12,842150,2745,25525,26,20038007
CHN,Africa,New York,2021-03-13,306773,3866,14282,310,96306518
IND,Europe,Hanoi,2021-03-14,45232,3764,49053,499,34548071
RUS,Asia,Delhi,2021-03-15,348688,2222,14334,284,97659263
CHN,America,Sao Paulo,2021-03-16,460385,2792,29179,147,89487398
IND,Asia,Hanoi,2021-03-17,783301,1697,6644,280,92160404
RUS,America,Moscow,2021-03-18,312813,3462,35618,325,47984860
BRA,America,Delhi,2021-03-19,209093,4063,47701,318,96071437
IND,Asia,Hanoi,2021-03-20,331328,1524,32933,163,3752690
CHN,Africa,Hanoi,2021-03-21,703305,4760,43469,385,49482500
USA,America,Sao Paulo,2021-03-22,13140,32,33687,405,69112374
IND,Africa,Moscow,2021-03-23,388612,4025,41073,223,18848408
USA,Europe,Beijing,2021-03-24,607745,2566,17375,271,69969235
RUS,America,Beijing,2021-03-25,538645,2803,48483,145,80694571
BRA,Africa,Hanoi,2021-03-26,523375,3896,30926,452,25555728
VNM,Africa,New York,2021-03-27,111672,3709,36607,437,67395265
BRA,Europe,Moscow,2021-03-28,330817,719,17642,355,46353996
IND,Africa,Delhi,2021-03-29,645961,4579,23993,29,95205561
USA,Africa,New York,2021-03-30,589921,972,44386,44,54947238
USA,Europe,New York,2021-03-31,732303,3718,46287,274,31147291
CHN,America,Moscow,2021-04-01,620399,4402,21188,470,83969705
USA,Africa,Hanoi,2021-04-02,864690,4552,32596,33,32616374
CHN,Africa,Hanoi,2021-04-03,406140,2207,27772,140,20138117
RUS,Africa,Hanoi,2021-04-04,69286,4426,30857,426,96464546
VNM,Asia,Hanoi,2021-04-05,93269,4320,10776,317,92124305
IND,Europe,Beijing,2021-04-06,258635,3030,32835,373,82952330
CHN,Asia,Hanoi,2021-04-07,74071,3575,9788,220,87838133
VNM,Europe,Beijing,2021-04-08,450542,3116,5660,355,4291987
USA,America,Beijing,2021-04-09,221095,3285,4478,21,48538500
USA,America,Hanoi,2021-04-10,513317,643,8210,179,58873362
VNM,Africa,Sao Paulo,2021-04-11,30651,4711,10922,435,30268923
USA,Europe,Delhi,2021-04-12,70202,194,36289,366,83298322
RUS,America,New York,2021-04-13,48777,3996,33340,419,48809902
RUS,Europe,Beijing,2021-04-14,148066,488,39850,328,66555773
VNM,America,Moscow,2021-04-15,853695,2204,38163,230,10179279
CHN,Asia,Moscow,2021-04-16,190706,2657,48175,498,13896471
CHN,America,Delhi,2021-04-17,624446,3276,18642,402,55594920
VNM,Asia,Moscow,2021-04-18,797232,1102,11094,37,60304974
CHN,America,Sao Paulo,2021-04-19,824255,1241,22423,69,6492952
CHN,Africa,Moscow,2021-04-20,763935,515,33418,115,49236011
RUS,Asia,New York,2021-04-21,326022,392,5741,238,95469046
CHN,America,New York,2021-04-22,280852,630,46049,334,66256994
BRA,Africa,Beijing,2021-04-23,668179,3716,6838,440,11197174
IND,Asia,Hanoi,2021-04-24,730265,1847,3262,147,79002445
USA,Africa,Sao Paulo,2021-04-25,588158,2655,4996,8,7297042
BRA,Europe,Beijing,2021-04-26,533571,979,44594,287,81710501
CHN,Europe,Sao Paulo,2021-04-27,685933,4529,22164,387,72161443
RUS,Asia,Hanoi,2021-04-28,865139,3402,35595,49,8200262
VNM,America,Moscow,2021-04-29,424149,3871,30257,337,29862768
CHN,Asia,Moscow,2021-04-30,530062,277,14211,4,75834030
RUS,Africa,Hanoi,2021-05-01,203127,232,30453,403,75798069
IND,America,Beijing,2021-05-02,142055,1552,5232,342,66556711
CHN,Europe,Hanoi,2021-05-03,620756,3270,2217,125,86495505
VNM,America,Delhi,2021-05-04,882766,2409,24229,74,20080923
RUS,Europe,New York,2021-05-05,804565,3512,14232,164,27705487
RUS,America,Beijing,2021-05-06,932443,25,25613,277,73571474
RUS,America,Sao Paulo,2021-05-07,525069,460,14026,441,3098729
IND,America,Delhi,2021-05-08,114586,3764,28554,323,64022352
CHN,Africa,Beijing,2021-05-09,449916,3431,30908,476,92123390
IND,Africa,Hanoi,2021-05-10,289768,3483,19610,299,86706924
USA,Asia,Hanoi,2021-05-11,531111,1994,46646,289,65201676
USA,Asia,Hanoi,2021-05-12,542777,490,39605,76,58900186
CHN,Europe,Hanoi,2021-05-13,171033,1072,7031,297,17465417
IND,Africa,Sao Paulo,2021-05-14,512880,3173,47574,136,63925345
VNM,Europe,Delhi,2021-05-15,291262,215,25515,105,94179800
RUS,Asia,Moscow,2021-05-16,100417,1723,36484,94,24917061
RUS,Europe,New York,2021-05-17,81816,1592,36182,134,13124055
CHN,Asia,Sao Paulo,2021-05-18,677623,2606,570,67,17139153
USA,Africa,Sao Paulo,2021-05-19,275709,158,32254,146,33315606
USA,America,Moscow,2021-05-20,675714,4781,19288,489,42142405
RUS,Africa,Moscow,2021-05-21,174023,3313,13288,477,68259517
CHN,Europe,New York,2021-05-22,877611,2841,29877,158,83106264
IND,Europe,New York,2021-05-23,547936,1776,18889,383,97732598
USA,Africa,Moscow,2021-05-24,443945,2052,917,162,3488144
IND,Africa,Hanoi,2021-05-25,41971,2295,10066,440,57294061
USA,Asia,Sao Paulo,2021-05-26,18658,1696,29504,340,90013399
USA,Europe,Beijing,2021-05-27,21253,2993,6982,188,54815626
BRA,Europe,New York,2021-05-28,457382,2469,39104,414,46399577
USA,Africa,New York,2021-05-29,179635,1946,18062,338,6088539
VNM,America,Moscow,2021-05-30,157462,3809,16999,94,91821506
CHN,Europe,Delhi,2021-05-31,350808,2783,9941,180,90666634
CHN,America,Beijing,2021-06-01,706938,3644,23470,287,76883685
IND,Africa,Beijing,2021-06-02,210097,2500,45148,321,23074556
USA,Africa,New York,2021-06-03,628138,3645,21133,186,53828237
VNM,Asia,Hanoi,2021-06-04,950162,2645,44435,371,34971122
IND,Europe,Delhi,2021-06-05,662212,2349,4529,137,64938137
BRA,America,Beijing,2021-06-06,520498,1932,17519,129,94438639
IND,Asia,New York,2021-06-07,226058,3294,12192,193,71105108
IND,Europe,Beijing,2021-06-08,657911,1757,8566,315,27043575
USA,Asia,Delhi,2021-06-09,858379,1116,7226,471,73468326
BRA,Africa,Delhi,2021-06-10,585289,2567,37930,272,8838941
IND,Europe,Sao Paulo,2021-06-11,180231,3499,49358,351,27088250
VNM,Asia,Moscow,2021-06-12,122775,492,21259,143,36432211
VNM,Asia,Moscow,2021-06-13,969211,3306,34087,15,36179631
CHN,America,New York,2021-06-14,557531,619,1141,301,2801951
BRA,Asia,Delhi,2021-06-15,677160,3232,4627,422,9441557
BRA,Europe,Sao Paulo,2021-06-16,862371,3823,47269,244,64378490
CHN,Europe,Sao Paulo,2021-06-17,319972,2380,2690,414,95467398
IND,America,Beijing,2021-06-18,261716,1546,40091,106,29720008
BRA,Europe,Beijing,2021-06-19,400455,4958,3255,87,77506732
VNM,Africa,Sao Paulo,2021-06-20,268854,3563,5213,128,76337600
VNM,Europe,Beijing,2021-06-21,414600,1605,36876,394,18566364
USA,Europe,Delhi,2021-06-22,938542,3752,19404,374,84604679
BRA,Asia,Hanoi,2021-06-23,171918,4675,25380,340,93226871
IND,Asia,Delhi,2021-06-24,219055,1890,25520,3,94790197
CHN,Europe,Sao Paulo,2021-06-25,985325,1275,19173,326,10941699
CHN,America,Sao Paulo,2021-06-26,300135,2743,23989,409,58340290
IND,Asia,Delhi,2021-06-27,734417,2493,42570,366,55152949
RUS,America,Beijing,2021-06-28,400187,356,24519,305,97141927
USA,Europe,Beijing,2021-06-29,422355,869,22439,395,69417030
CHN,Europe,Moscow,2021-06-30,871877,885,11413,94,95369792
BRA,Africa,Sao Paulo,2021-07-01,208139,2001,14995,208,29886746
USA,Asia,New York,2021-07-02,80257,1283,23559,224,23969573
BRA,Europe,Moscow,2021-07-03,477958,619,45351,458,37065451
VNM,Africa,Beijing,2021-07-04,824143,882,23513,347,31215254
USA,Asia,Delhi,2021-07-05,6530,796,5021,479,52662376
CHN,Europe,Beijing,2021-07-06,273260,3642,32464,320,35583674
USA,Europe,Delhi,2021-07-07,590082,3425,21119,46,88594281
USA,Asia,Moscow,2021-07-08,917786,1296,29299,475,76847540
USA,Asia,Sao Paulo,2021-07-09,210545,4714,39350,180,48447968
RUS,Asia,Beijing,2021-07-10,657258,244,46223,105,8283377
USA,Europe,Delhi,2021-07-11,528423,2895,25517,198,8017955
BRA,Europe,Sao Paulo,2021-07-12,924133,929,13117,385,66833124
VNM,Africa,New York,2021-07-13,371616,519,22250,105,48732712
IND,America,Delhi,2021-07-14,911579,3212,18950,279,46367678
USA,Asia,Moscow,2021-07-15,478336,2409,17359,259,37292816
CHN,Europe,New York,2021-07-16,775158,7,23596,107,51736559
USA,Europe,New York,2021-07-17,613375,2525,25530,18,70617028
CHN,Asia,Hanoi,2021-07-18,720391,3423,1262,409,54650991
BRA,America,Beijing,2021-07-19,819812,2019,40150,458,74283807
CHN,Asia,Delhi,2021-07-20,916383,4590,22615,295,95011763
IND,America,New York,2021-07-21,279215,4282,3327,305,51042301
VNM,Europe,Hanoi,2021-07-22,20074,3667,29768,170,1171277
CHN,America,Moscow,2021-07-23,746084,3671,28850,330,64406526
CHN,Africa,Sao Paulo,2021-07-24,592131,2801,42788,492,78890927
VNM,Europe,Delhi,2021-07-25,39901,85,16848,194,41905980
IND,Africa,New York,2021-07-26,273349,3115,46830,11,69470076
USA,Asia,Beijing,2021-07-27,973165,4232,39542,194,83604446
CHN,Asia,Hanoi,2021-07-28,911093,2468,15160,489,73989790
VNM,Asia,New York,2021-07-29,792338,3619,33998,282,19380560
BRA,America,Beijing,2021-07-30,395807,1636,27230,368,99749307
VNM,Europe,New York,2021-07-31,912008,3583,9076,181,29439575
BRA,Asia,Delhi,2021-08-01,587275,4009,3805,449,62189747
IND,Asia,Delhi,2021-08-02,980874,3326,31085,304,81919190
USA,Europe,Delhi,2021-08-03,342829,2218,14715,143,79419793
VNM,Asia,Moscow,2021-08-04,372598,2217,5750,385,7562865
RUS,Africa,Moscow,2021-08-05,367631,4967,48395,315,49878285
CHN,Europe,Hanoi,2021-08-06,578688,2369,13232,181,59445297
IND,Europe,Delhi,2021-08-07,156222,3638,35903,29,69490574
VNM,Europe,Beijing,2021-08-08,31852,2503,6953,83,37146254
CHN,Africa,New York,2021-08-09,960374,943,32093,165,26967642
VNM,Europe,Sao Paulo,2021-08-10,513012,2837,25500,283,99408718
BRA,Africa,Beijing,2021-08-11,839188,2660,22418,280,81515633
VNM,Europe,Moscow,2021-08-12,377501,2936,34314,95,28384611
RUS,America,Moscow,2021-08-13,643340,4444,48225,380,62516022
VNM,Asia,Beijing,2021-08-14,56481,3947,22449,265,89301319
VNM,America,Moscow,2021-08-15,787715,1676,17478,443,34017422
RUS,Asia,Delhi,2021-08-16,33691,1196,35179,297,20878589
IND,Africa,Hanoi,2021-08-17,394341,4105,46881,295,20577390
VNM,America,New York,2021-08-18,198137,2787,25338,224,85759500
RUS,Europe,Hanoi,2021-08-19,550458,1461,26899,332,74110888
CHN,Asia,New York,2021-08-20,532726,3318,4145,360,32301473
BRA,Asia,New York,2021-08-21,806527,666,32101,373,38967335
BRA,America,Hanoi,2021-08-22,671514,2176,2775,41,78832543
VNM,Africa,Beijing,2021-08-23,401220,3743,45961,302,87451900
IND,America,New York,2021-08-24,796184,600,31647,420,62220767
IND,Africa,Hanoi,2021-08-25,55426,2652,45619,245,47021853
CHN,Africa,New York,2021-08-26,239968,4422,45838,207,23611827
VNM,Asia,Sao Paulo,2021-08-27,288963,3824,19539,236,56866096
BRA,America,Beijing,2021-08-28,495384,3906,36738,21,12885324
IND,America,Delhi,2021-08-29,878483,979,26616,184,31188544
VNM,Africa,New York,2021-08-30,521121,2451,14119,467,25219726
IND,America,Sao Paulo,2021-08-31,155289,628,25159,241,58734379
RUS,Europe,Delhi,2021-09-01,261501,1629,37099,362,2467256
IND,Europe,Delhi,2021-09-02,519165,3696,10295,282,66912156
BRA,America,New York,2021-09-03,219780,3430,34710,40,89235105
USA,America,Hanoi,2021-09-04,295138,3674,24685,335,49145489
CHN,Africa,New York,2021-09-05,670396,3929,49343,161,14593077
CHN,Europe,Sao Paulo,2021-09-06,732635,2765,25479,159,22108188
BRA,Europe,Delhi,2021-09-07,97756,4369,46172,473,9667126
IND,Asia,New York,2021-09-08,442632,4780,33629,88,24711646
VNM,Africa,Hanoi,2021-09-09,927091,115,42043,321,34319676
IND,Asia,New York,2021-09-10,95665,4956,17033,11,42280408
BRA,Europe,Beijing,2021-09-11,656005,2003,36902,423,58430565
CHN,Africa,Hanoi,2021-09-12,162002,692,44571,72,3705421
IND,America,Sao Paulo,2021-09-13,261691,3162,15408,75,61084615
CHN,Africa,Delhi,2021-09-14,606123,1105,17420,345,94437274
VNM,America,New York,2021-09-15,122232,3008,16351,200,23575489
CHN,America,Hanoi,2021-09-16,947594,2161,4131,9,47660816
CHN,Africa,Beijing,2021-09-17,742849,153,44825,351,60127140
USA,America,Hanoi,2021-09-18,445358,3699,11349,225,30619149
USA,Asia,Moscow,2021-09-19,243051,4410,44254,175,7942263
RUS,Europe,Beijing,2021-09-20,157547,3786,38225,275,39206556
USA,America,Sao Paulo,2021-09-21,412104,1064,38847,38,69471380
CHN,Asia,Delhi,2021-09-22,568020,4200,12453,59,20152316
BRA,America,Sao Paulo,2021-09-23,736983,1913,18814,65,17380660
CHN,Europe,New York,2021-09-24,308449,1216,18263,320,23004757
BRA,Asia,Hanoi,2021-09-25,701397,2401,12158,434,36272994
BRA,Europe,Moscow,2021-09-26,533634,1772,15735,123,87142436
USA,Europe,Beijing,2021-09-27,787019,1960,15830,163,34300239
IND,Asia,Beijing,2021-09-28,12763,2780,47893,407,41769841
VNM,Asia,Hanoi,2021-09-29,190237,4804,44673,410,75288255
USA,Asia,Moscow,2021-09-30,762841,4746,23926,385,55631024
USA,Africa,Hanoi,2021-10-01,856047,2871,45066,158,54093290
IND,Asia,New York,2021-10-02,429332,660,34779,56,89169744
VNM,Asia,Sao Paulo,2021-10-03,645275,2635,3373,77,29549561
CHN,Asia,Beijing,2021-10-04,216823,2329,10335,193,64621622
RUS,Asia,New York,2021-10-05,91353,3954,23741,284,10080961
RUS,America,Sao Paulo,2021-10-06,221373,2450,10692,14,56296596
CHN,Africa,New York,2021-10-07,357792,1132,47295,11,20535782
USA,Europe,Moscow,2021-10-08,549844,699,45541,100,36882465
VNM,Asia,Beijing,2021-10-09,845474,2038,34057,155,10878917
USA,America,Hanoi,2021-10-10,542387,4647,1447,339,9175576
BRA,America,Hanoi,2021-10-11,371233,4500,19583,124,42245764
USA,America,Sao Paulo,2021-10-12,176168,4557,22765,358,63025363
USA,Europe,Delhi,2021-10-13,727346,2179,23906,279,8059903
CHN,Asia,Moscow,2021-10-14,668590,2838,19567,404,6441039
CHN,Africa,Sao Paulo,2021-10-15,422225,873,14139,393,7077234
CHN,Africa,Delhi,2021-10-16,202041,83,46525,109,36482788
RUS,America,New York,2021-10-17,33866,1422,38230,333,72906791
BRA,Europe,Moscow,2021-10-18,105400,2675,19520,356,43755784
CHN,Europe,New York,2021-10-19,870678,3180,19702,145,54451460
VNM,Europe,Beijing,2021-10-20,339119,4316,25566,215,79710185
RUS,Africa,Moscow,2021-10-21,435071,3975,7657,397,4800760
IND,America,Delhi,2021-10-22,343701,1391,37688,161,51059073
VNM,Asia,Beijing,2021-10-23,137488,3218,30134,127,1975112
VNM,Africa,Hanoi,2021-10-24,596804,4207,10345,313,97952170
CHN,America,Delhi,2021-10-25,186987,614,41185,331,38587555
IND,America,Sao Paulo,2021-10-26,411274,2971,49928,149,56745877
IND,Asia,Hanoi,2021-10-27,994141,3565,27413,453,1555839
RUS,Asia,Hanoi,2021-10-28,433934,3576,5208,35,1614101
IND,Asia,Sao Paulo,2021-10-29,294746,4570,33455,172,42781921
BRA,Europe,Moscow,2021-10-30,467874,270,49681,419,50669558
CHN,Asia,Hanoi,2021-10-31,471328,4066,28018,21,13234908
IND,America,Delhi,2021-11-01,189139,2468,45991,205,61598522
RUS,Asia,Beijing,2021-11-02,158588,1390,8080,126,22924717
BRA,America,Hanoi,2021-11-03,653583,3354,21902,335,6121632
USA,Africa,Delhi,2021-11-04,612257,4135,9486,444,23673937
USA,Europe,New York,2021-11-05,656449,3607,38862,355,18328454
BRA,Africa,Delhi,2021-11-06,954850,2583,21158,439,97885696
RUS,Africa,Beijing,2021-11-07,205735,4073,40460,216,57226686
BRA,America,Delhi,2021-11-08,665847,3075,43856,95,78578752
CHN,Africa,Sao Paulo,2021-11-09,262299,3906,35871,416,54226755
CHN,America,Beijing,2021-11-10,123950,289,35208,428,22826641
USA,Asia,Moscow,2021-11-11,329638,2480,20519,163,46112602
IND,Asia,New York,2021-11-12,600517,3252,31379,147,68643497
RUS,America,Sao Paulo,2021-11-13,104648,278,28378,17,73385640
USA,Asia,Moscow,2021-11-14,38547,2924,39892,293,19641123
IND,Europe,Delhi,2021-11-15,553083,580,49996,194,50782459
IND,Africa,Beijing,2021-11-16,186368,4958,14031,150,62327677
CHN,Europe,New York,2021-11-17,545735,253,14536,479,61036559
VNM,Africa,Sao Paulo,2021-11-18,691958,4276,446,364,60642657
VNM,Asia,Moscow,2021-11-19,959318,4776,36683,122,97982614
BRA,Europe,Moscow,2021-11-20,746111,824,48555,399,2120113
CHN,Asia,New York,2021-11-21,256190,3832,17618,186,11201961
IND,Africa,Delhi,2021-11-22,206402,699,6587,452,34104951
RUS,America,New York,2021-11-23,252419,1380,31480,451,73202252
VNM,America,Moscow,2021-11-24,754105,3896,32994,148,81162231
IND,Europe,Hanoi,2021-11-25,874392,1673,20527,103,91846225
VNM,Asia,Sao Paulo,2021-11-26,849710,2727,23569,242,64146677
VNM,Asia,New York,2021-11-27,579365,3156,11151,461,88365744
VNM,Europe,Moscow,2021-11-28,112782,3388,5558,230,29704996
RUS,America,Delhi,2021-11-29,627220,4307,44739,478,84050790
CHN,Africa,Moscow,2021-11-30,989410,383,32954,205,12047100
RUS,Europe,Delhi,2021-12-01,927032,341,47448,197,39199721
USA,Africa,New York,2021-12-02,443316,1987,47327,395,11531792
IND,America,Delhi,2021-12-03,372013,4059,43837,399,77002382
CHN,Asia,Beijing,2021-12-04,925683,4939,35303,336,96716246
CHN,America,Beijing,2021-12-05,310925,3109,34700,492,66875125
CHN,Europe,Beijing,2021-12-06,186339,4082,27500,86,43566130
CHN,Asia,Hanoi,2021-12-07,475595,4515,2032,141,3029341
RUS,Europe,New York,2021-12-08,417168,2798,1252,316,16962977
CHN,Europe,Moscow,2021-12-09,840230,3240,5509,198,28692739
BRA,America,Moscow,2021-12-10,98696,1988,37842,45,87288194
IND,Europe,Hanoi,2021-12-11,503650,3414,13900,287,63200055
CHN,America,Delhi,2021-12-12,50939,1849,14523,14,36324049
IND,Asia,Hanoi,2021-12-13,815948,305,1881,43,78936233
BRA,America,Delhi,2021-12-14,711886,3613,33037,400,20625255
BRA,Asia,Delhi,2021-12-15,141521,2749,1630,168,6369337
IND,America,Sao Paulo,2021-12-16,574578,4964,20789,309,31687424
VNM,Africa,Moscow,2021-12-17,913120,1135,22523,494,50402947
USA,Africa,Beijing,2021-12-18,873093,205,17958,43,60187251
VNM,Europe,Delhi,2021-12-19,335098,4591,46151,97,83344817
VNM,America,Sao Paulo,2021-12-20,809178,3450,48920,260,16534442
RUS,America,Moscow,2021-12-21,592278,3811,43852,108,74336604
VNM,Asia,Beijing,2021-12-22,583098,3622,1695,282,82054612
CHN,Europe,Delhi,2021-12-23,642650,3599,14821,371,15649817
RUS,America,Delhi,2021-12-24,476513,2551,3262,342,8857997
RUS,Europe,Hanoi,2021-12-25,146295,4308,1445,103,65473608
BRA,Africa,Hanoi,2021-12-26,465453,309,16436,255,30988602
VNM,America,Moscow,2021-12-27,657957,2708,9949,378,58472430
BRA,America,Beijing,2021-12-28,721037,1991,23963,205,72048489
IND,Europe,Delhi,2021-12-29,264803,271,29932,334,69738482
USA,America,Moscow,2021-12-30,86516,3642,6901,42,28355826
RUS,Europe,Moscow,2021-12-31,74567,4086,33487,352,79490821
IND,America,New York,2022-01-01,801469,1822,8597,244,65526295
IND,Asia,Hanoi,2022-01-02,126498,3273,6855,286,27408346
CHN,Europe,Beijing,2022-01-03,702098,4538,18678,354,3568101
USA,America,Delhi,2022-01-04,464894,4349,8263,272,60686581
IND,Africa,Moscow,2022-01-05,536397,520,47288,475,97272624
IND,America,Delhi,2022-01-06,284154,976,25805,82,52629424
USA,Africa,New York,2022-01-07,795219,3722,26143,109,64640087
USA,Africa,Beijing,2022-01-08,763760,3551,11874,437,28207039
IND,Asia,Moscow,2022-01-09,139544,4105,27529,189,25423854
USA,Europe,Delhi,2022-01-10,246183,2773,20866,470,95082005
IND,America,Hanoi,2022-01-11,678743,2552,14079,287,44426742
IND,Asia,New York,2022-01-12,323853,2832,49850,423,23224699
CHN,America,Beijing,2022-01-13,463001,3907,7243,396,48866466
VNM,Africa,New York,2022-01-14,768613,152,29872,250,84849789
IND,Europe,Hanoi,2022-01-15,34518,2964,9018,211,9018205
BRA,America,Beijing,2022-01-16,53909,2916,49500,290,5928476
RUS,America,New York,2022-01-17,804783,2800,12100,132,4886613
VNM,Africa,Sao Paulo,2022-01-18,724984,1752,49459,200,38564874
VNM,America,Hanoi,2022-01-19,970834,2610,19800,284,81143858
VNM,America,Hanoi,2022-01-20,515693,3875,26910,325,76831720
CHN,Africa,Hanoi,2022-01-21,539570,1104,29437,408,25873513
IND,Asia,Sao Paulo,2022-01-22,478082,2536,37588,94,57052321
CHN,Africa,Sao Paulo,2022-01-23,239017,4990,11001,277,69302366
IND,Asia,Delhi,2022-01-24,414994,4199,46675,449,92908497
CHN,Europe,Moscow,2022-01-25,941768,3854,19942,428,71438646
CHN,Asia,New York,2022-01-26,452891,3494,20862,324,73225040
RUS,Asia,Delhi,2022-01-27,791507,1914,11669,218,10143589
BRA,Europe,New York,2022-01-28,469164,3072,15916,88,34935757
CHN,Asia,Moscow,2022-01-29,703814,1006,10878,71,77310998
RUS,Africa,Sao Paulo,2022-01-30,28365,406,2985,246,35517976
USA,Asia,Moscow,2022-01-31,465982,166,32369,128,3426062
BRA,Europe,Sao Paulo,2022-02-01,441416,508,8112,211,9209517
CHN,Africa,Moscow,2022-02-02,273146,1661,41235,427,42049527
VNM,Europe,Delhi,2022-02-03,276091,3664,18931,342,43548791
USA,Europe,Beijing,2022-02-04,210294,3489,27340,95,11127222
USA,America,Delhi,2022-02-05,881272,4858,336,74,60193912
RUS,America,New York,2022-02-06,116219,680,42933,422,35512811
USA,Europe,Delhi,2022-02-07,340754,2524,19363,494,90155041
BRA,Europe,Hanoi,2022-02-08,838574,2120,45536,53,14655842
CHN,Europe,New York,2022-02-09,580595,4677,3968,343,47754929
CHN,America,Moscow,2022-02-10,135565,4357,33678,458,12290492
VNM,America,New York,2022-02-11,779383,1363,48400,412,50347456
RUS,Asia,Beijing,2022-02-12,312229,1331,16279,53,38581619
VNM,Asia,Sao Paulo,2022-02-13,558516,2292,3129,217,90774932
USA,Europe,Moscow,2022-02-14,735036,1538,38215,15,58470428
VNM,Africa,New York,2022-02-15,969379,3408,38897,98,66955748
BRA,Africa,Moscow,2022-02-16,424871,560,5850,19,68115328
CHN,America,Moscow,2022-02-17,567760,1099,20588,45,78086898
USA,America,Moscow,2022-02-18,835869,1903,40214,450,34399680
VNM,America,Sao Paulo,2022-02-19,966920,174,11949,192,83164500
RUS,Europe,Delhi,2022-02-20,846143,2156,8519,382,69270004
BRA,Africa,Moscow,2022-02-21,137888,2230,26375,57,61139023
BRA,Asia,Hanoi,2022-02-22,77175,4287,33082,436,54944811
VNM,Europe,Beijing,2022-02-23,588595,4160,11737,110,12042682
CHN,Asia,Sao Paulo,2022-02-24,308877,3920,1134,128,44778108
VNM,Asia,New York,2022-02-25,914634,1497,10938,336,61564533
USA,Europe,Sao Paulo,2022-02-26,95028,3854,24486,193,57817319
VNM,Asia,New York,2022-02-27,509666,3171,48356,412,51596687
BRA,Africa,Sao Paulo,2022-02-28,142312,1567,26096,339,94666267
VNM,Asia,New York,2022-03-01,491450,1151,41115,325,84505216
CHN,Africa,Moscow,2022-03-02,92493,368,5592,7,11589887
RUS,Africa,Delhi,2022-03-03,125149,4946,18108,28,13679338
IND,Africa,New York,2022-03-04,753704,42,17270,111,62766928
VNM,America,New York,2022-03-05,202435,1907,27649,434,31601080
CHN,Asia,Hanoi,2022-03-06,163834,3490,10997,160,94335226
CHN,Europe,New York,2022-03-07,270403,2535,33489,130,57656406
RUS,Europe,Hanoi,2022-03-08,181211,4173,9104,187,52727750
BRA,Asia,Beijing,2022-03-09,915207,2873,870,162,51335659
CHN,America,Moscow,2022-03-10,276993,1824,28684,196,53296372
CHN,America,Hanoi,2022-03-11,343912,1293,39519,474,13602694
CHN,Africa,Delhi,2022-03-12,368252,4769,49649,363,16927403
CHN,Asia,Moscow,2022-03-13,876141,4796,34524,203,34150798
USA,Asia,Hanoi,2022-03-14,317013,4854,30957,211,15671009
USA,Europe,Moscow,2022-03-15,913320,3386,33885,108,9821549
BRA,Asia,Moscow,2022-03-16,63095,2972,44369,275,65496620
VNM,America,Moscow,2022-03-17,117886,3922,35596,72,79686659
CHN,Asia,Beijing,2022-03-18,857342,4997,29866,166,20485901
RUS,Europe,Delhi,2022-03-19,479926,992,30676,259,58145933
VNM,Africa,Sao Paulo,2022-03-20,285711,2386,47764,242,35157583
RUS,Europe,Sao Paulo,2022-03-21,35292,2240,13878,274,16589702
VNM,Europe,Hanoi,2022-03-22,74813,1476,39760,101,17091794
BRA,Africa,Moscow,2022-03-23,621424,3407,27559,474,58704449
CHN,Europe,Hanoi,2022-03-24,575919,389,46546,172,49604169
CHN,Europe,Beijing,2022-03-25,9885,999,6771,170,30092273
IND,Asia,Beijing,2022-03-26,977163,4620,16526,140,42665616
RUS,Asia,New York,2022-03-27,185378,1855,29896,396,15367204
VNM,Africa,Beijing,2022-03-28,852746,658,31923,187,75394251
VNM,Asia,New York,2022-03-29,327231,2763,36203,440,66242949
USA,Asia,Delhi,2022-03-30,422381,3663,39390,85,89988447
IND,Europe,Hanoi,2022-03-31,976433,4986,12852,475,22277544
USA,America,Delhi,2022-04-01,460244,1481,47574,51,89194387
USA,Asia,Beijing,2022-04-02,882430,3731,43391,110,31548096
USA,America,Delhi,2022-04-03,574100,451,1848,436,68840500
RUS,Asia,Delhi,2022-04-04,705860,2475,31027,364,52017938
RUS,Asia,Delhi,2022-04-05,472367,3222,35464,341,11149777
BRA,Africa,Beijing,2022-04-06,320787,1537,34485,42,8553925
BRA,Africa,Moscow,2022-04-07,44900,3093,19456,210,32209516
USA,Africa,Delhi,2022-04-08,436162,882,9259,455,37771094
IND,America,New York,2022-04-09,401067,4408,35554,499,58203222
VNM,Europe,Beijing,2022-04-10,802720,4068,46922,199,97197068
RUS,Asia,Delhi,2022-04-11,72692,4935,13409,297,78951366
IND,Asia,Moscow,2022-04-12,460796,2566,3791,345,47894926
CHN,Asia,Beijing,2022-04-13,400584,3277,25864,239,70289003
RUS,America,Sao Paulo,2022-04-14,871868,374,36639,114,4719194
RUS,Africa,Moscow,2022-04-15,751496,4546,34574,25,37838169
BRA,Europe,New York,2022-04-16,46403,3697,17888,406,69541536
VNM,America,Delhi,2022-04-17,615458,3062,19692,298,51895822
VNM,Africa,Sao Paulo,2022-04-18,795600,4690,23501,76,52954211
CHN,America,Sao Paulo,2022-04-19,312023,3250,13304,411,99118252
CHN,Europe,Beijing,2022-04-20,59871,4595,27527,136,40412278
RUS,Africa,Sao Paulo,2022-04-21,482604,4559,18074,19,74949887
USA,America,New York,2022-04-22,491862,112,15549,439,95803162
BRA,Europe,New York,2022-04-23,32174,3197,29963,210,45150968
BRA,Asia,Hanoi,2022-04-24,755111,2378,25920,239,80268932
RUS,Europe,New York,2022-04-25,223563,1924,30826,38,70574460
IND,Asia,Moscow,2022-04-26,137653,139,36071,434,16842433
USA,America,Sao Paulo,2022-04-27,110155,1424,16061,267,59050102
RUS,Africa,New York,2022-04-28,333997,2949,28810,206,72513977
USA,Africa,Beijing,2022-04-29,850478,3168,47966,478,65134752
USA,America,Hanoi,2022-04-30,311822,516,22800,438,35968399
USA,Africa,Sao Paulo,2022-05-01,501608,2616,43423,461,54719638
RUS,Africa,Hanoi,2022-05-02,813081,887,41692,266,29417654
BRA,Asia,Sao Paulo,2022-05-03,127795,3104,9940,153,39620879
BRA,America,Beijing,2022-05-04,88668,49,3924,41,41411036
USA,Europe,Hanoi,2022-05-05,737685,3951,28054,410,78180450
IND,Asia,Delhi,2022-05-06,669927,3560,9783,10,12462734
VNM,America,Moscow,2022-05-07,473620,18,37253,293,16317570
RUS,Asia,Moscow,2022-05-08,876338,4821,45397,97,20396438
VNM,Europe,Sao Paulo,2022-05-09,763429,1473,13233,426,36490204
IND,Europe,Delhi,2022-05-10,620307,4061,45669,274,91284577
RUS,America,Hanoi,2022-05-11,979448,2606,24484,447,55900320
USA,Europe,Delhi,2022-05-12,864434,451,25068,389,3422952
BRA,Asia,Delhi,2022-05-13,553091,3765,191,429,49950934
VNM,Europe,Hanoi,2022-05-14,673590,2438,25074,371,54553666
CHN,Asia,Beijing,2022-05-15,673222,4310,4917,229,58728313
CHN,Asia,Delhi,2022-05-16,436571,1549,38599,368,2861663
IND,Europe,Delhi,2022-05-17,948763,3474,25832,425,39918430
USA,America,Beijing,2022-05-18,230147,127,42928,219,77549162
VNM,Africa,Delhi,2022-05-19,555083,4855,20706,64,29075910
USA,Europe,Delhi,2022-05-20,507820,2761,13682,354,34604200
VNM,Asia,Delhi,2022-05-21,270914,4456,26762,231,96730688
IND,Asia,Moscow,2022-05-22,535381,4664,23383,327,6167373
IND,Europe,New York,2022-05-23,964075,1415,27796,442,66094835
CHN,America,Beijing,2022-05-24,393409,201,23666,51,46721311
USA,America,Delhi,2022-05-25,362455,2369,25662,373,87149637
RUS,Asia,Moscow,2022-05-26,279713,517,45159,430,53431974
CHN,Asia,Beijing,2022-05-27,797622,1341,34642,375,53857945
USA,America,Sao Paulo,2022-05-28,849256,4776,41830,262,12669729
CHN,Africa,Sao Paulo,2022-05-29,698112,1988,37531,266,6628573
RUS,Europe,Delhi,2022-05-30,687687,3545,10234,358,9091363
BRA,Asia,Moscow,2022-05-31,304214,4520,9221,316,89847252
BRA,Asia,Moscow,2022-06-01,564485,3802,11410,323,31595197
BRA,America,Beijing,2022-06-02,526549,3275,14519,408,32218896
BRA,Europe,Beijing,2022-06-03,157584,3654,1051,395,85814944
VNM,America,Moscow,2022-06-04,924220,2434,44993,153,40462985
BRA,Europe,Beijing,2022-06-05,348939,4873,9765,357,81458942
RUS,Europe,Moscow,2022-06-06,291077,207,11382,365,7508526
IND,Europe,New York,2022-06-07,659738,2633,12580,139,81090793
IND,Asia,Moscow,2022-06-08,564871,4117,32323,426,9140594
VNM,Africa,Sao Paulo,2022-06-09,374226,153,44757,50,77429247
BRA,America,Beijing,2022-06-10,871803,3366,11939,116,31904375
BRA,Africa,Moscow,2022-06-11,684393,4314,29964,420,37850216
BRA,America,Moscow,2022-06-12,417216,4764,307,45,81539150
CHN,Europe,Beijing,2022-06-13,111032,1518,3359,308,40989821
USA,Asia,New York,2022-06-14,206940,2600,29648,87,50382042
CHN,Africa,New York,2022-06-15,304748,2195,35944,207,72243472
USA,Asia,Beijing,2022-06-16,461552,4498,34019,376,25309567
BRA,America,Hanoi,2022-06-17,881506,4691,38134,268,2248749
BRA,Asia,Beijing,2022-06-18,226727,3554,27323,88,11987706
CHN,Asia,Beijing,2022-06-19,73869,2414,6226,380,85562417
CHN,Africa,New York,2022-06-20,791842,2849,21689,117,17172473
USA,Europe,New York,2022-06-21,869807,1742,30971,53,14849214
IND,Asia,Beijing,2022-06-22,711404,1306,25954,440,70205283
USA,Europe,Beijing,2022-06-23,718675,3849,24423,115,75274929
CHN,America,Beijing,2022-06-24,882487,4168,30391,117,38297350
RUS,Asia,New York,2022-06-25,202416,4576,14330,259,30452300
CHN,Africa,Beijing,2022-06-26,924300,4655,4891,74,51875992
RUS,America,Beijing,2022-06-27,611004,4840,4992,479,27270139
VNM,America,Delhi,2022-06-28,578533,4195,1961,304,42991679
CHN,Africa,Hanoi,2022-06-29,567344,2555,12497,6,11938814
VNM,Asia,Sao Paulo,2022-06-30,410925,2305,32551,365,58062361
IND,Asia,Hanoi,2022-07-01,775024,4508,10848,121,16467488
USA,America,Delhi,2022-07-02,320701,1088,13255,10,43539722
RUS,Asia,Sao Paulo,2022-07-03,279687,2642,4567,347,29076568
USA,Europe,Beijing,2022-07-04,430634,1177,48847,437,69989028
VNM,Africa,Delhi,2022-07-05,749971,4916,39281,488,72485615
RUS,Europe,Beijing,2022-07-06,496507,4757,48003,214,95720426
USA,Asia,New York,2022-07-07,882470,2994,20389,428,51711717
CHN,America,Moscow,2022-07-08,409940,559,44523,278,63918696
BRA,Africa,Delhi,2022-07-09,265972,2964,43919,497,78656492
VNM,Asia,New York,2022-07-10,116656,1271,16567,27,62161815
USA,Asia,Delhi,2022-07-11,17087,1813,3358,234,96190439
VNM,America,Delhi,2022-07-12,930109,2915,22999,366,84997037
VNM,America,New York,2022-07-13,293481,609,42358,312,72842935
RUS,Europe,Sao Paulo,2022-07-14,136554,2461,10988,25,55645344
RUS,Africa,Hanoi,2022-07-15,851765,4120,40446,408,56186135
BRA,Africa,Beijing,2022-07-16,485757,283,31521,53,20654884
CHN,America,Delhi,2022-07-17,182024,2928,5698,28,23221624
VNM,Europe,Beijing,2022-07-18,136535,4396,1273,466,26971841
USA,Africa,Moscow,2022-07-19,767524,1091,27543,352,96655263
IND,America,New York,2022-07-20,594736,816,31349,163,65897912
VNM,Asia,Beijing,2022-07-21,528936,82,11241,269,86081424
VNM,Africa,New York,2022-07-22,392720,1920,9497,333,77182800
BRA,Europe,Beijing,2022-07-23,295767,3491,41875,34,24384180
CHN,Europe,Hanoi,2022-07-24,452372,3144,32703,285,34970993
IND,Europe,Hanoi,2022-07-25,35634,2093,44041,347,82880157
RUS,Asia,Hanoi,2022-07-26,962106,4713,31954,272,79573735
RUS,Africa,Hanoi,2022-07-27,376742,175,8002,450,98994442
USA,Africa,Hanoi,2022-07-28,311478,2704,4247,207,93210516
IND,Asia,Hanoi,2022-07-29,855080,4937,41988,237,67259604
RUS,Africa,New York,2022-07-30,546342,369,21698,413,27935185
USA,Asia,Delhi,2022-07-31,594316,1818,19738,499,41710838
CHN,Asia,Beijing,2022-08-01,546495,2101,10703,92,5801436
USA,Asia,Hanoi,2022-08-02,473866,4785,48240,172,98681559
RUS,Europe,New York,2022-08-03,755181,3490,49422,78,80258185
BRA,Africa,New York,2022-08-04,605842,1779,17570,109,15212972
BRA,Asia,New York,2022-08-05,676746,1364,12392,216,7931344
BRA,Africa,Delhi,2022-08-06,607564,4462,44724,434,35179345
RUS,Europe,Beijing,2022-08-07,977022,3342,32299,357,44464233
BRA,Asia,Delhi,2022-08-08,314925,4739,15641,105,43861039
IND,America,Sao Paulo,2022-08-09,708140,3676,13998,46,87814419
CHN,Europe,New York,2022-08-10,192512,2426,6305,180,44976804
USA,America,Sao Paulo,2022-08-11,961703,72,32726,63,25150572
USA,Africa,Moscow,2022-08-12,847467,2962,18782,245,66877073
RUS,Africa,Hanoi,2022-08-13,532498,859,12721,243,60115024
BRA,Europe,Hanoi,2022-08-14,568651,3856,39763,421,66440781
BRA,Africa,Delhi,2022-08-15,766535,4138,12427,319,43192304
VNM,America,Beijing,2022-08-16,602567,2424,46550,86,91865820
CHN,Asia,Sao Paulo,2022-08-17,191420,1064,20566,216,17480387
IND,Asia,Beijing,2022-08-18,710644,2217,2230,489,63545233
USA,Asia,Delhi,2022-08-19,500844,4017,6511,6,9625146
VNM,Europe,Hanoi,2022-08-20,203196,2259,49280,277,83367891
VNM,Africa,Beijing,2022-08-21,199919,3751,42229,336,89595831
RUS,America,Beijing,2022-08-22,415648,2086,26177,209,16802231
USA,Africa,Hanoi,2022-08-23,257324,368,4765,496,71717998
RUS,Africa,Sao Paulo,2022-08-24,719449,2804,20354,168,26319530
IND,Africa,Hanoi,2022-08-25,972902,150,23929,329,79838024
VNM,Asia,Beijing,2022-08-26,754651,1134,28820,137,7630604
VNM,America,Sao Paulo,2022-08-27,658681,2784,46040,440,31334030
CHN,America,Sao Paulo,2022-08-28,867780,4164,29523,390,36341284
IND,Africa,Hanoi,2022-08-29,430599,2346,5552,495,56654323
VNM,Asia,Beijing,2022-08-30,375960,4897,627,380,81034329
IND,Asia,Delhi,2022-08-31,734042,2250,11989,305,76248344
USA,America,Beijing,2022-09-01,647341,60,13780,229,17819353
BRA,Asia,New York,2022-09-02,472406,3010,6589,474,51470573
VNM,Asia,Moscow,2022-09-03,183965,3901,34812,307,32578449
CHN,Asia,Delhi,2022-09-04,166892,1337,28128,160,73521183
USA,Europe,Sao Paulo,2022-09-05,852694,1184,45939,0,88180980
IND,Africa,Delhi,2022-09-06,134832,4426,38652,235,13184706
RUS,America,Sao Paulo,2022-09-07,153262,1551,27790,436,34929665
USA,America,Sao Paulo,2022-09-08,67411,4433,40953,187,48118304
VNM,Europe,Delhi,2022-09-09,285521,1629,249,417,15166825
IND,Africa,Sao Paulo,2022-09-10,439953,1327,19309,3,96814418
BRA,America,Sao Paulo,2022-09-11,987073,1526,25901,400,28726096
USA,Asia,New York,2022-09-12,38211,1673,23576,131,78232107
VNM,America,Beijing,2022-09-13,213981,1361,31508,426,53289440
CHN,Asia,Beijing,2022-09-14,265888,1573,9175,217,28320962
RUS,Europe,Moscow,2022-09-15,780926,2686,25464,259,65642096
IND,Asia,Moscow,2022-09-16,287139,4370,16260,0,21279862
USA,America,New York,2022-09-17,672337,2366,35440,70,88777945
USA,America,Moscow,2022-09-18,753298,3757,29546,477,84774818
BRA,America,Delhi,2022-09-19,558830,2434,40047,177,74092807
BRA,Europe,Hanoi,2022-09-20,10651,1993,41430,456,55482227
CHN,Europe,Hanoi,2022-09-21,99239,869,1987,188,44096931
RUS,Africa,Hanoi,2022-09-22,865363,1014,49242,290,15999412
CHN,America,New York,2022-09-23,750704,1911,25105,7,33788085
VNM,Asia,New York,2022-09-24,888544,602,12948,252,99257197
VNM,Europe,Sao Paulo,2022-09-25,803147,3821,13026,407,58318243
CHN,America,Hanoi,2022-09-26,437625,690,2773,466,43168727
